model	mae_delta	mae_ccsd	weighted_mae_ccsd	tail_mae_ccsd	n_tail
GBR	0.0001932331	0.0001932331	0.0001307402	0.0000613036	5
SVR	0.0000492494	0.0000492494	0.0000402923	0.0000303399	5
GPR	0.0001669788	0.0001669788	0.0001432823	0.0001169528	5
