model	mae_delta	mae_ccsd	weighted_mae_ccsd	tail_mae_ccsd	n_tail
GBR	0.0002043943	0.0002043943	0.0001686722	0.0001289810	5
SVR	0.0000486932	0.0000486932	0.0000425795	0.0000357865	5
GPR	0.0002611944	0.0002611944	0.0002636850	0.0002664524	5
