model	mae_delta	mae_ccsd	weighted_mae_ccsd	tail_mae_ccsd	n_tail
SOAP-SVR	0.00025343309039548256	0.0002534330903239776	0.00016073672416817584	6.231836010152215e-05	9
