model	mae_delta	mae_ccsd	weighted_mae_ccsd	tail_mae_ccsd	n_tail
GBR	0.0002930473	0.0002930473	0.0001733059	0.0000402600	5
SVR	0.0000660029	0.0000660029	0.0000414745	0.0000142206	5
GPR	0.0003705429	0.0003705429	0.0002650458	0.0001478267	5
