model	mae_delta	mae_ccsd
SVR	0.0007542359	0.0007542359
GPR	0.0003076019	0.0003076019
GBR	0.0001923124	0.0001923124
